-- phpMyAdmin SQL Dump
-- version 5.2.1
-- https://www.phpmyadmin.net/
--
-- Servidor: localhost:3306
-- Tiempo de generación: 14-12-2023 a las 07:24:48
-- Versión del servidor: 10.5.20-MariaDB
-- Versión de PHP: 7.3.33

SET SQL_MODE = "NO_AUTO_VALUE_ON_ZERO";
START TRANSACTION;
SET time_zone = "+00:00";


/*!40101 SET @OLD_CHARACTER_SET_CLIENT=@@CHARACTER_SET_CLIENT */;
/*!40101 SET @OLD_CHARACTER_SET_RESULTS=@@CHARACTER_SET_RESULTS */;
/*!40101 SET @OLD_COLLATION_CONNECTION=@@COLLATION_CONNECTION */;
/*!40101 SET NAMES utf8mb4 */;

--
-- Base de datos: `id21602213_ficplus`
--

-- --------------------------------------------------------

--
-- Estructura de tabla para la tabla `categorias`
--

CREATE TABLE `categorias` (
  `ID_Categorias` int(11) NOT NULL,
  `Categoria` varchar(100) DEFAULT NULL,
  `Descripcion` varchar(100) DEFAULT NULL
) ENGINE=InnoDB DEFAULT CHARSET=utf8mb4 COLLATE=utf8mb4_general_ci;

--
-- Volcado de datos para la tabla `categorias`
--

INSERT INTO `categorias` (`ID_Categorias`, `Categoria`, `Descripcion`) VALUES
(1, 'Accion', 'Pleito'),
(2, 'Terror', 'miedito'),
(3, 'Animacion', 'dibujos'),
(4, 'Suspenso', 'mas miedo'),
(5, 'Drama', 'Suspenso'),
(6, 'Comedia', 'si'),
(7, 'Misterio', 'casi miedo'),
(8, 'Infantiles', 'marvel'),
(9, 'Anime', 'monas chinas encueradas');

-- --------------------------------------------------------

--
-- Estructura de tabla para la tabla `peliculas`
--

CREATE TABLE `peliculas` (
  `ID_Peliculas` int(11) NOT NULL,
  `Titulo` varchar(100) DEFAULT NULL,
  `Descripcion` text DEFAULT NULL,
  `Director` varchar(100) DEFAULT NULL,
  `Enlace_Video` varchar(500) DEFAULT NULL,
  `ID_Categoria` int(100) DEFAULT NULL,
  `Etiquetas` int(11) DEFAULT NULL,
  `ID_Clasificacion` int(100) DEFAULT NULL,
  `Anio` date DEFAULT NULL,
  `Poster_Pelicula` varchar(500) DEFAULT NULL,
  `Banner_Pelicula` varchar(500) NOT NULL
) ENGINE=InnoDB DEFAULT CHARSET=utf8 COLLATE=utf8_unicode_ci;

--
-- Volcado de datos para la tabla `peliculas`
--

INSERT INTO `peliculas` (`ID_Peliculas`, `Titulo`, `Descripcion`, `Director`, `Enlace_Video`, `ID_Categoria`, `Etiquetas`, `ID_Clasificacion`, `Anio`, `Poster_Pelicula`, `Banner_Pelicula`) VALUES
(1, 'Thor: Love and Thunder (2022)', 'El Dios del Trueno emprende un viaje que no se parece en nada a lo que se ha enfrentado hasta ahora: una búsqueda de la paz interior. Pero el retiro de Thor se ve interrumpido por un asesino galáctico conocido como Gorr el Carnicero de Dioses. Para hacer frente a la amenaza, Thor solicita la ayuda de Valkiria, de Korg y de su ex novia Jane Foster que, para sorpresa de Thor, empuña su martillo mágico, Mjolnir, como la Poderosa Thor. Juntos, se embarcan en una aventura cósmica en la que tendrán que descubrir el misterio de la venganza del Carnicero de Dioses y detenerlo antes de que sea demasiado tarde.', 'Taika Waititi', 'https://p-def4.pcloud.com/cfZkiVvcEZ9M5hU57ZdDK17ZZ1dNiykZQ5ZZ4GRZZRkPd7Zy8ZczZ7zZO8Z5LZQ4ZFHZ4QZQHZG8Z54ZgzZ0RZn8Z3NTGN3ohnFBKe7uVbFfK8FjvGV1k/ThorLoveandThunder.mp4', 1, 1, 1, '2022-11-10', 'https://fic-plus.000webhostapp.com/IMG/ThorLoveOfThunder_Poster.jpg', 'https://fic-plus.000webhostapp.com/IMG/ThorLoveOfThunder_Banner.jpg'),
(2, 'Pandora (2019)', 'Ambientada en 2199, una joven que lo ha perdido todo encuentra una nueva vida en la Academia de Entrenamiento Espacial de la Tierra, donde aprende a defender la galaxia ante las amenazas intergalácticas.', 'Mark A. Altman', 'https://fic-plus.000webhostapp.com/VID/Marvel2.mp4', 1, 1, 1, '2019-09-26', 'https://fic-plus.000webhostapp.com/IMG/Pandora_Poster.jpg', 'https://fic-plus.000webhostapp.com/IMG/Pandora_Banner.jpg'),
(3, 'John Wick 4 (2023)', 'John Wick descubre un camino para derrotar a la Alta Mesa. Pero para poder ganar su libertad, Wick deberá enfrentarse a un nuevo rival con poderosas alianzas en todo el mundo, capaz de convertir a viejos amigos en enemigos.', 'Chad Stahelski', 'https://fic-plus.000webhostapp.com/VID/Marvel2.mp4', 1, 1, 1, '2023-01-06', 'https://fic-plus.000webhostapp.com/IMG/JhonWick_Poster.jpg', 'https://fic-plus.000webhostapp.com/IMG/JhonWick_Banner.jpg'),
(4, 'Men in Black (Hombres de negro) (1997)', 'Un agente de policía se une a una organización secreta que controla y monitoriza la actividad extraterrestre en la Tierra.', 'Barry Sonnenfeld', 'https://fic-plus.000webhostapp.com/VID/avengers.mp4', 1, 1, 1, '1997-11-07', 'https://fic-plus.000webhostapp.com/IMG/MenInBlack_Poster.jpg', 'https://fic-plus.000webhostapp.com/IMG/MenInBlack_Banner.jpg'),
(5, 'Baby Driver (2017)', 'Baby, un joven y talentoso conductor especializado en fugas, depende del ritmo de su banda sonora personal para ser el mejor en lo suyo. Cuando conoce a la chica de sus sueños, Baby ve una oportunidad de abandonar su vida criminal y realizar una huida limpia. Pero después de haber sido forzado a trabajar para un jefe del crimen, deberá dar la cara cuando un malogrado golpe amenaza su vida, su amor y su libertad.', 'Edgar Wright', 'https://fic-plus.000webhostapp.com/VID/avengers.mp4', 1, 1, 1, '2017-08-10', 'https://fic-plus.000webhostapp.com/IMG/BabyDriver_Poster.jpg', 'https://fic-plus.000webhostapp.com/IMG/BabyDriver_Banner.jpg'),
(6, 'Alerta roja (2021)', 'Cuando la Interpol envía una \"Alerta roja\", significa que los departamentos de Policía de todo el mundo deben estar alerta para capturar a los criminales más buscados. Todas las alarmas saltan cuando un temerario robo une al mejor agente del FBI (Johnson) con dos criminales rivales entre sí (Gadot & Reynolds). Una coincidencia que hará que suceda lo impredecible.', 'Rawson Marshall Thurber', 'https://fic-plus.000webhostapp.com/VID/avengers.mp4', 1, 1, 1, '2021-12-01', 'https://fic-plus.000webhostapp.com/IMG/AlertaRoja_Poster.jpg', 'https://fic-plus.000webhostapp.com/IMG/AlertaRoja_Banner.jpg'),
(7, 'El infierno (2010)', 'En el marco de las fiestas del Bicentenario de independencia, Benjamín García, cómo miles de paisanos, regresa a su pueblo deportado de U.S.A. y encuentra un panorama desolador provocado por la crisis económica y la violencia demencial que azotan el lugar. Sin otra opción, y para salvar a su familia de la miseria, García se involucra en el negocio del narco en el que tiene, por primera vez en su vida, una fulgurante prosperidad, pero también un triste y dramático final. Sátira de cáustico humor negro, sobre el mundo del narco, la crisis económica, la corrupción y la violencia irracional que nos aquejan, EL INFIERNO nos lleva a preguntarnos: ¿Habrá este 2010, algo que celebrar?', 'Luis Estrada', 'https://fic-plus.000webhostapp.com/VID/avengers.mp4', 1, 1, 1, '2010-08-17', 'https://fic-plus.000webhostapp.com/IMG/ElInfierno_Poster.jpg', 'https://fic-plus.000webhostapp.com/IMG/ElInfierno_Banner.jpg'),
(8, 'Lucy (2014)', 'Lucy, una joven obligada a ejercer de mula de una nueva y potente droga, adquiere de repente enormes poderes sobrenaturales cuando la bolsa de la droga se rompe y los narcóticos entran en contacto con su cuerpo. Entonces, su cerebro comienza a aumentar la capacidad de uso hasta poder ser utilizado al 100%, convirtiéndose en una máquina letal con habilidades extraordinarias.', 'Luc Besson', 'https://fic-plus.000webhostapp.com/VID/avengers.mp4', 1, 1, 1, '2014-12-09', 'https://fic-plus.000webhostapp.com/IMG/Lucy_Poster.jpg', 'https://fic-plus.000webhostapp.com/IMG/Lucy_Banner.jpg'),
(9, 'Hércules (1997)', 'Hércules, el hijo de Hera y el dios Zeus, es robado del Olimpo por los secuaces de Hades, que tienen la misión de despojarle de su inmortalidad. Hércules crecerá en un mundo de mortales hasta que le llegue la hora de regresar al Olimpo.', 'John Musker', 'https://fic-plus.000webhostapp.com/VID/avengers.mp4\n', 3, 1, 1, '2013-12-12', 'https://fic-plus.000webhostapp.com/IMG/Hercules_Poster.jpg', 'https://fic-plus.000webhostapp.com/IMG/Hercules_Banner.jpg'),
(10, 'Los Increíbles (2004)', 'Como Mr. Increíble y Elastigirl, Bob y su esposa Helen estaban entre los mejores luchadores contra el crimen. Por fin pueden volver a la acción cuando una misteriosa llamada cita a Bob en una isla remota.', 'Brad Bird', 'https://fic-plus.000webhostapp.com/VID/avengers.mp4\n', 3, 1, 1, '2013-06-04', 'https://fic-plus.000webhostapp.com/IMG/LosIncreibles_Poster.jpg', 'https://fic-plus.000webhostapp.com/IMG/LosIncreibles_Banner.jpg'),
(11, 'Cars (2006)', 'El aspirante a campeón de carreras Rayo McQueen está sobre la vía rápida al éxito, la fama y todo lo que él había soñado, hasta que por error toma un desvío inesperado en la polvorienta y solitaria Ruta 66. Su actitud arrogante se desvanece cuando llega a una pequeña comunidad olvidada que le enseña las cosas importantes de la vida que había olvidado.', 'John Lasseter', 'https://fic-plus.000webhostapp.com/VID/avengers.mp4\n', 3, 1, 1, '2015-12-08', 'https://fic-plus.000webhostapp.com/IMG/Cars_Poster.jpg', 'https://fic-plus.000webhostapp.com/IMG/Cars_Banner.jpg'),
(12, 'Shrek (2001)', 'Hace mucho, mucho tiempo, en una lejanísima ciénaga vivía un intratable ogro llamado Shrek. Pero de repente, un día, su absoluta soledad se ve interrumpida por una invasión de sorprendentes personajes de cuento. Hay ratoncitos ciegos en su comida, un enorme y malísimo lobo en su cama, tres cerditos sin hogar y otros muchos seres increíbles que han sido deportados de su reino por el malvado Lord Farquaad. Para conseguir salvar su terreno, y de paso a sí mismo, Shrek hace un pacto con Farquaad y emprende viaje para conseguir que la preciosa princesa Fiona sea la novia del Lord. En tan importante misión le acompañan un burro chistoso, dispuesto a hacer cualquier cosa por Shrek. Todo, menos estarse calladito. Rescatar a la princesa de una dragona enamoradiza que suelta fuego al respirar va a resultar una tontería comparado con lo que ocurre cuando el oscuro secreto que la joven guardaba es revelado.', 'Andrew Adamson', 'https://fic-plus.000webhostapp.com/VID/avengers.mp4', 3, 1, 1, '2017-12-06', 'https://fic-plus.000webhostapp.com/IMG/Shrek_Poster.jpg', 'https://fic-plus.000webhostapp.com/IMG/Shrek_Banner.jpg'),
(13, 'Encanto (2021)', 'Los Madrigal son una familia extraordinaria que vive en una casa mágica de un pueblo vibrante en las montañas de Colombia, escondidas en un \'Encanto\'. La magia ha bendecido a cada niño de la familia con un don único, desde la superfuerza hasta el poder de sanar. A todos, excepto Mirabel, quien desea ser tan especial como el resto de su familia. Pero cuando la magia que rodea al Encanto está en peligro, Mirabel decide que ella, la única Madrigal sin ningún tipo de don único, puede ser la única esperanza de su excepcional familia.', 'Jared Bush', 'https://fic-plus.000webhostapp.com/VID/avengers.pm4', 3, 1, 1, '2021-10-08', 'https://fic-plus.000webhostapp.com/IMG/Encanto_Poster.jpg', 'https://fic-plus.000webhostapp.com/IMG/Encanto_Banner.jpg'),
(14, 'Monstruos, S.A. (2001)', 'Monsters Inc. es la mayor empresa de miedo del mundo, y James P. Sullivan es uno de sus mejores empleados. Asustar a los niños no es un trabajo fácil, ya que todos creen que los niños son tóxicos y no pueden tener contacto con ellos. Pero un día una niña se cuela sin querer en la empresa, provocando el caos.', 'Pete Docter', 'https://fic-plus.000webhostapp.com/VID/avengers.pm4', 3, 1, 1, '2032-12-16', 'https://fic-plus.000webhostapp.com/IMG/MonsterIns_Poster.jpg', 'https://fic-plus.000webhostapp.com/IMG/MonsterIns_Banner.jpg'),
(15, 'Mulán (1998)', 'Mulán, una joven china hija única de la familia Fa, en lugar de buscar novio, como sus amigas, trata por todos los medios de alistarse en el ejército imperial para evitar que su anciano padre sea llamado a filas para defender al Emperador del acoso de los Hunos. Cuando el emisario imperial lleva a cabo la orden de reclutar a los varones de todas las familias, Mulán se hará pasar por soldado y se someterá a un duro entrenamiento hasta hacerse merecedora de la estima y de la confianza del resto de su escuadrón.', 'Barry Cook', 'https://fic-plus.000webhostapp.com/VID/avengers.pm4', 3, 1, 1, '2023-12-06', 'https://fic-plus.000webhostapp.com/IMG/Mulan_Poster.jpg', 'https://fic-plus.000webhostapp.com/IMG/Mulan_Banner.jpg'),
(16, 'El emperador y sus locuras (2000)', 'El arrogante y egoísta emperador Cuzco es traicionado y convertido en llama por la ambiciosa Yzma y su guardaespaldas Kronk. El emperador, que una vez lo tuvo todo, se verá abocado a confiar en un llano y simpático campesino llamado Pacha, para encontrarse a sí mismo.', 'Mark Dindal', 'https://fic-plus.000webhostapp.com/VID/avengers.pm4', 3, 1, 1, '2000-10-10', 'https://fic-plus.000webhostapp.com/IMG/LasLoculasDelEmperador_Poster.jpg', 'https://fic-plus.000webhostapp.com/IMG/LasLoculasDelEmperador_Banner.jpg'),
(17, 'Aniquilación (2018)', 'Cuando su marido desaparece durante una misión secreta, la bióloga Lena se une a una expedición a una misteriosa región acordonada por el gobierno de Estados Unidos. El grupo, compuesto por varias mujeres científicas, investiga la Zona X, un intrigante lugar controlado por una poderosa fuerza alienígena del planeta Tierra. La Zona X es un lugar al que han ido otras expediciones, pero del que ninguna ha vuelto.', 'Alex Garland', 'https://p-def3.pcloud.com/cfZzp5vcEZBoFhU57ZdDK17ZZa6NiykZQ5ZZ4GRZZzChe7Z5QZx4ZazZI4ZApZvLZu4ZEFZMzZF4ZuzZLpZkpZizZhPKVhkkxpdu8CmCxVJeScfJEO4RX/Aniquilacion.mp4', 2, 1, 1, '2023-12-01', 'https://fic-plus.000webhostapp.com/IMG/Aniquilacion_Poster.jpg', 'https://fic-plus.000webhostapp.com/IMG/Aniquilacion_Banner.jpg'),
(18, '1408 (2007)', 'Basada en un relato de Stephen King, cuenta la historia de un novelista de terror que sólo cree en aquello que ven sus ojos. Tras dedicarse a desacreditar fenomenos paranormales ocurridos en supuestas casas fantasmas, él no tiene prueba alguna de la existencia de vida más allá de la muerte. Sin embargo, todo cambiará cuando entre en la habitación 1408 del Hotel Dolphin.', 'Mikael Håfström', 'https://fic-plus.000webhostapp.com/VID/avengers.pm4', 2, 1, 1, '2023-12-01', 'https://fic-plus.000webhostapp.com/IMG/1408_Poster.jpg', 'https://fic-plus.000webhostapp.com/IMG/1408_Banner.jpg'),
(19, 'Verónica (2017)', 'Está inspirada en el único caso en la historia que la policía española clasifica como sobrenatural y queda sin resolver hasta la fecha. Durante un eclipse total de sol, Verónica y dos amigas deciden hacer una ouija para invocar el espíritu de su padre. Después de romperse la ouija, Verónica entra en una especie de trance y se desmaya ante el pavor de sus amigos. Una vez recuperada, empieza a percibir cosas extrañas en su hogar que le hacen pensar que trajo a su padre de vuelta al mundo de los vivos.', 'Paco Plaza', 'https://fic-plus.000webhostapp.com/VID/avengers.pm4', 2, 1, 1, '2023-12-01', 'https://fic-plus.000webhostapp.com/IMG/Veronica_Poster.jpg', 'https://fic-plus.000webhostapp.com/IMG/Veronica_Banner.jpg'),
(20, 'As the Gods Will (2014)', 'Shun Takahata es un estudiante corriente que lleva una vida aburrida. Su amigo de toda la vida es Ichika Akimoto . Un día la cabeza de un maestro explota en plena clase. Shun Takahata y sus compañeros se ven obligados a jugar un macabro juego de la muerte sin saber cómo, por qué o quién les ha metido en ese lio.', 'Takashi Miike', 'https://fic-plus.000webhostapp.com/VID/avengers.pm4', 2, 1, 1, '2023-12-01', 'https://fic-plus.000webhostapp.com/IMG/AstheGodsWill_Poster.jpg', 'https://fic-plus.000webhostapp.com/IMG/AstheGodsWill_Banner.jpg'),
(21, 'Five Nights at Freddy\'s (2023)', 'Un guardia de seguridad con problemas comienza a trabajar en Freddy Fazbear\'s Pizza. Mientras pasa su primera noche en el trabajo, se da cuenta de que el turno de noche en Freddy\'s no será tan fácil de superar.', 'Emma Tammi', 'https://fic-plus.000webhostapp.com/VID/avengers.pm4', 2, 1, 1, '2023-12-01', 'https://fic-plus.000webhostapp.com/IMG/FNF_Poster.jpg', 'https://fic-plus.000webhostapp.com/IMG/FNF_Banner.jpg'),
(22, 'M3GAN (2022)', 'Un ingeniero en robótica de una empresa de juguetes construye una muñeca realista que comienza a cobrar vida propia.', 'Akela Cooper\r\n', 'https://fic-plus.000webhostapp.com/VID/avengers.pm4', 2, 1, 1, '2023-12-01', 'https://fic-plus.000webhostapp.com/IMG/M3gan_poster.jpg', 'https://fic-plus.000webhostapp.com/IMG/M3gan_Banner.jpg'),
(23, 'Scream 4 (2011)', 'Sidney Prescott ha logrado olvidar los asesinatos cometidos en Woodsboro. Diez años después, convertida en una escritora de éxito, vuelve a su pueblo natal con motivo de la gira de promoción de su nuevo libro. Pero su regreso irá acompañado de una nueva ola de crímenes perpetrados por un viejo conocido: Ghostface.', 'Kevin Williamson', 'https://fic-plus.000webhostapp.com/VID/avengers.pm4', 2, 1, 1, '2023-12-01', 'https://fic-plus.000webhostapp.com/IMG/ScreamVI_Poster.jpg', 'https://fic-plus.000webhostapp.com/IMG/ScreamVI_Banner.jpg'),
(24, 'Bienvenidos a Zombieland (2009)', 'En un mundo plagado de zombis, Columbus es un gallina, un joven que se encuentra aterrorizado por la situación, pero cuando te juegas el ser comido por los zombies, el miedo puede mantenerte vivo. De hecho su cobardía precisamente le ha permitido que sus sesos aún se mantengan en su cabeza. Entonces un día conoce a Tallahassse, un macarra caza zombies cuya única determinación en su vida es lograr el último Twinkie (dulce americano) en la tierra. Cuando ambos unen fuerzas con Wichita y Little Rock, que también han encontrado una manera original de sobrevivir en ese caos, tendrán que elegir qué es peor: si confiar los unos en los otros para sobrevivir o sucumbir ante los zombies.', 'Ruben Fleischer', 'https://fic-plus.000webhostapp.com/VID/avengers.pm4', 2, 1, 1, '2023-12-01', 'https://fic-plus.000webhostapp.com/IMG/Zombieland_Poster.jpg', 'https://fic-plus.000webhostapp.com/IMG/Zombieland_Banner.jpg'),
(25, 'El justiciero (2018)', 'Paul Kersey (Bruce Willis) es un famoso cirujano que vive con su familia en Nueva York. Un día, su esposa (Elisabeth Shue) y su hija (Camila Morrone) son brutalmente atacadas en su casa. Paul, que siempre había sido un tipo tranquilo, siente cómo la sed de venganza va apoderándose de él. Con la policía sobrecargada de crímenes, decide tomar la justicia por su mano e ir en busca de los agresores de su familia y de paso enfrentarse a todo tipo de criminales de la Gran Manzana. A medida que las víctimas acaparan la atención de los medios, la ciudad se pregunta si este vengador es un ángel guardián... o un simple justiciero.', 'Eli Roth', 'https://p-def6.pcloud.com/cfZLrRvcEZ1IhhU57ZdDK17ZZyONiykZQ5ZZ4GRZZw72R7ZYLZ3LZ5QZILZnzZO8Zk8ZipZgHZjLZl4ZLRZdRZQ4Zfsb0PafmbGp2cSxEjF7MDj48EVT7/Justiciero.mp4', 4, 1, 1, '2023-12-01', 'https://fic-plus.000webhostapp.com/IMG/Justiciero_Poster.jpg', 'https://fic-plus.000webhostapp.com/IMG/Justiciero_Banner.jpg'),
(26, 'Háblame (2023)', 'La solitaria adolescente Mia se engancha a la emoción de invocar espíritus utilizando una mano embalsamada, pero cuando se enfrenta a un alma que dice ser su madre muerta, desata una plaga de fuerzas sobrenaturales y se debate entre decidir en quién puede confiar: en los vivos o en los muertos.', 'Danny Philippou', 'https://fic-plus.000webhostapp.com/VID/avengers.mp4', 4, 1, 1, '2023-12-01', 'https://fic-plus.000webhostapp.com/IMG/Hablame_Poster.jpg', 'https://fic-plus.000webhostapp.com/IMG/Hablame_Banner.jpg'),
(27, 'El asesino (2023)', 'Después de un fatídico error, un asesino se enfrenta a sus jefes —y a sí mismo— en una persecución internacional de castigo, según él, no es nada personal.', 'David Fincher', 'https://fic-plus.000webhostapp.com/VID/avengers.mp4', 4, 1, 1, '2023-12-01', 'https://fic-plus.000webhostapp.com/IMG/Asesino_Poster.jpg', 'https://fic-plus.000webhostapp.com/IMG/Asesino_Banner.jpg'),
(28, 'Fall (2022)', 'Para las mejores amigas Becky y Hunter, la vida trata de superar tus miedos y empujar tus límites. Sin embargo, después de subir hasta la cima de una torre de comunicaciones abandonada, se encuentran atrapadas y sin forma de bajar. A 600 metros del suelo y totalmente alejadas de la civilización, las chicas pondrán a prueba sus habilidades de escaladoras expertas y lucharán desesperadamente por sobrevivir aunque lo tengan todo en contra. ¿Lo conseguirán?', 'Scott Mann', 'https://fic-plus.000webhostapp.com/VID/avengers.mp4', 4, 1, 1, '2023-12-01', 'https://fic-plus.000webhostapp.com/IMG/Fall_Poster.jpg', 'https://fic-plus.000webhostapp.com/IMG/Fall_Banner.jpg'),
(29, 'Oppenheimer (2023)', 'Película sobre el físico J. Robert Oppenheimer y su papel como desarrollador de la bomba atómica. Basada en el libro \'American Prometheus: The Triumph and Tragedy of J. Robert Oppenheimer\' de Kai Bird y Martin J. Sherwin.', 'Christopher Nolan', 'https://fic-plus.000webhostapp.com/VID/avengers.mp4', 4, 1, 1, '2023-12-01', 'https://fic-plus.000webhostapp.com/IMG/Oppenheimer_Poster.jpg', 'https://fic-plus.000webhostapp.com/IMG/Oppenheimer_Banner.jpg'),
(30, 'The Cobweb (2021)', 'The Cobweb is a wonderful story where a hero with his smartness creates a dark cobweb to earn crores of money illegally. Hero is been accompanied by a 19 years old girl named Nancy to carry this illegal activity. But there is a saying that “God has a plan for all evils”!!', 'si', 'https://fic-plus.000webhostapp.com/VID/avengers.mp4', 4, 1, 1, '2023-12-01', 'https://fic-plus.000webhostapp.com/IMG/Cobweb_Poster.jpg', 'https://fic-plus.000webhostapp.com/IMG/Cobweb_Banner.jpg'),
(31, 'Nadie (2021)', 'Hutch Mansell, un padre de familia que aguanta con resignación y sin defenderse los golpes de la vida. Un don nadie. Una noche, cuando dos ladrones entran en su casa, Hutch decide no actuar y no trata de defenderse ni al él mismo ni a su familia, convencido de que solo así evitará una escalada de violencia. Tras el ataque, su hija adolescente Blake no oculta su decepción, y su esposa Becca se aleja todavía más.', 'Ilya Naishuller', 'https://fic-plus.000webhostapp.com/VID/avengers.mp4', 4, 1, 1, '2023-12-01', 'https://fic-plus.000webhostapp.com/IMG/Nadie_Poster.jpg', 'https://fic-plus.000webhostapp.com/IMG/Nadie_Banner.jpg'),
(32, 'Nowhere (2023)', 'Embarazada, sola y a la deriva en el mar, una mujer encerrada en un contenedor de mercancías trata de sobrevivir tras escapar de un país totalitario devastado.', 'Indiana Lista', 'https://fic-plus.000webhostapp.com/VID/avengers.mp4', 4, 1, 1, '2023-12-02', 'https://fic-plus.000webhostapp.com/IMG/Nowhere_Poster.jpg', 'https://fic-plus.000webhostapp.com/IMG/Nowhere_Banner.jpg'),
(33, 'Olvidado (2017)', 'Seúl, Corea del Sur, 1997. Cuando el joven pero extremadamente ansioso estudiante Jin-seok, sus padres y su exitoso hermano mayor Yoo-seok se mudan a un nuevo hogar, hechos misteriosos y aterradores comienzan a suceder a su alrededor, eventos inexplicables que amenazan con arruinar sus vidas aparentemente felices. Incapaz de entender lo que está pasando, Jin-seok se pregunta si está perdiendo la cabeza.', 'Jang Hang-jun', 'https://p-def5.pcloud.com/cfZqJmvcEZHR1hU57ZdDK17ZZOONiykZQ5ZZ4GRZZyeFKkZs8ZQHZoRZG8ZJ8ZDRZT4ZG4Zb4ZTLZsFZfLZgRZYpZ0utdB8rF4OL3vkyi4ytoCkR9sjm7/Olvidado.mp4', 5, 1, 1, '2023-12-01', 'https://fic-plus.000webhostapp.com/IMG/Olvidado_Poster.jpg', 'https://fic-plus.000webhostapp.com/IMG/Olvidado_Banner.jpg'),
(34, 'Premonición (2015)', 'Joe Merriweather es un veterano detective del FBI al que le llega un horrible caso: varias personas han sido asesinadas de una manera espantosa y hay pocas pistas que revelen quién puede haber sido el asesino. Para intentar resolverlo trabaja junto a su ambiciosa compañera, la agente Katherine Cowles. Pero, incapaces de avanzar en su búsqueda, ambos acabarán recurriendo al doctor Clancy, un solitario médico especialista ya retirado que se alejó del mundo tras la muerte de su hija. Además Clancy posee un don extraordinario, pues tiene visiones que podrían ser clave para dar con el rastro del criminal. Sin embargo, pronto descubrirá que no es el único con poderes y que tendrá que lidiar con los que tiene el escurridizo asesino.', 'Afonso Poyart', 'https://fic-plus.000webhostapp.com/VID/avengers.mp4', 5, 1, 1, '2023-12-01', 'https://fic-plus.000webhostapp.com/IMG/Premonicion_Poster.jpg', 'https://fic-plus.000webhostapp.com/IMG/Premonicion_Banner.jpg'),
(35, 'El practicante (2020)', 'Incapaz de asumir su nueva realidad en silla de ruedas, Ángel desarrolla una obsesión letal con la mujer que lo abandonó y da rienda suelta a una siniestra venganza.', 'Carles Torras', 'https://fic-plus.000webhostapp.com/VID/avengers.mp4', 5, 1, 1, '2023-12-01', 'https://fic-plus.000webhostapp.com/IMG/Practicante_Poster.jpg', 'https://fic-plus.000webhostapp.com/IMG/Practicante_Banner.jpg'),
(36, 'Oxígeno (2021)', 'Una mujer despierta en una unidad criogénica médica. No recuerda quién es ni cómo ha terminado encerrada en una caja no más grande que un ataúd. Mientras se queda sin oxígeno, debe reconstruir sus recuerdos para escapar de esa pesadilla.', 'Alexandre Aja', 'https://fic-plus.000webhostapp.com/VID/avengers.mp4', 5, 1, 1, '2023-12-01', 'https://fic-plus.000webhostapp.com/IMG/Oxigeno_Poster.jpg', 'https://fic-plus.000webhostapp.com/IMG/Oxigeno_Banner.jpg'),
(37, 'Juego limpio (2023)', 'Recién comprometidos, Emily (Phoebe Dynevor) y Luke (Alden Ehrenreich), una próspera pareja de Nueva York, no se cansan el uno del otro. Cuando surge un codiciado ascenso en su despiadada empresa financiera, los intercambios de apoyo entre los amantes comienzan a agriarse hasta convertirse en algo más siniestro. A medida que la dinámica de poder cambia irrevocablemente en su relación, Luke y Emily deben enfrentarse al verdadero precio del éxito y a los desconcertantes límites de la ambición.', 'Chloe Domont', 'https://fic-plus.000webhostapp.com/VID/avengers.mp4', 5, 1, 1, '2023-12-01', 'https://fic-plus.000webhostapp.com/IMG/JuegoLimpio_Poster.jpg', 'https://fic-plus.000webhostapp.com/IMG/JuegoLimpio_Banner.jpg'),
(38, 'Calibre (2018)', 'Durante un fin de semana en los highland escoceses, dos viejos amigos toman una terrible decisión. Y ahora alguno, quizá los dos, tengan que pagar por ello.', 'Matt Palmer', 'https://fic-plus.000webhostapp.com/VID/avengers.mp4', 5, 1, 1, '2023-12-01', 'https://fic-plus.000webhostapp.com/IMG/Calibre_Poster.jpg', 'https://fic-plus.000webhostapp.com/IMG/Calibre_Banner.jpg'),
(39, 'El Paciente (2022)', 'Alan Strauss es un terapeuta al que un paciente que le ha confesado que es un asesino en serie tiene prisionero. El tiempo se le acaba y Alan se esfuerza por detener a Sam antes de convertirse en cómplice de asesinato o lo que es peor, en una de sus víctimas.', 'Joel Fields', 'https://fic-plus.000webhostapp.com/VID/avengers.mp4', 5, 1, 1, '2023-12-01', 'https://fic-plus.000webhostapp.com/IMG/Paciente_Poster.jpg', 'https://fic-plus.000webhostapp.com/IMG/Paciente_Banner.jpg'),
(40, 'El perfumista (2022)', 'Para recuperar su sentido del olfato y el afecto de su amante, una inspectora se alía con un perfumista que usa métodos letales con el fin de crear el aroma perfecto.', 'Nils Willbrandt', 'https://fic-plus.000webhostapp.com/VID/avengers.mp4', 5, 1, 1, '2023-12-01', 'https://fic-plus.000webhostapp.com/IMG/Perfumista_Poster.jpg', 'https://fic-plus.000webhostapp.com/IMG/Perfumista_Banner.jpg'),
(41, 'Paul (2011)', 'Un viajero espacial muy listillo llamado Paul (SETH ROGEN, The Green Hornet, Lío embarazoso) lleva sesenta años encerrado en una base militar ultrasecreta, aconsejando a los líderes mundiales acerca de otros alienígenas. Cuando empieza a darse cuenta de que ya no es tan útil y de que la mesa de disección se acerca peligrosamente, Paul decide escapar en la primera autocaravana que se detiene cerca de la base militar en el Área 51. Por suerte para él, en dicha autocaravana van dos terrícolas perfectamente dispuestos a rescatar y albergar a un alienígena con problemas.', 'Greg Mottola', 'https://p-def8.pcloud.com/cfZUpBvcEZAJlhU57ZdDK17ZZnUNiykZQ5ZZ4GRZZIWlB7Zq8ZC4Z04ZlFZY8ZTRZapZbFZ44ZDpZo4ZH8ZcHZT8ZFwEpjCIhV8mijnH2pVlwCRDcCAtk/Paul.mp4\n', 6, 1, 1, '2023-12-01', 'https://fic-plus.000webhostapp.com/IMG/Paul_Poster.jpg', 'https://fic-plus.000webhostapp.com/IMG/Paul_Banner.jpg'),
(42, 'Vacaciones (2016)', 'A young couple travels to Madrid with their family to enjoy a few days of summer. Then an unexpected phone call from Juanma, a hotel employee, unleashes a mayhem of entanglements and mistaken identity that goes out of control. Will their relationship survive?', 'Víctor Barba', 'https://fic-plus.000webhostapp.com/VID/avengers.mp4', 6, 1, 1, '2023-12-01', 'https://fic-plus.000webhostapp.com/IMG/Vacaciones_Poster.jpg', 'https://fic-plus.000webhostapp.com/IMG/Vacaciones_Banner.jpg'),
(43, 'Matilda (1996)', 'Matilda Wormwood es una jovencita extremadamente curiosa e inteligente, todo lo contrario que sus chabacanos padres, que a menudo la ignoran. A medida que crece va descubriendo que posee poderes telequinéticos, hasta que un día un profesor le enseña que puede usar esos poderes para ayudar a sus amigos. Además las personas que hasta ese momento le han hecho la vida imposible sufrirán las consecuencias.', 'Danny DeVito', 'https://fic-plus.000webhostapp.com/VID/avengers.mp4', 6, 1, 1, '2023-12-01', 'https://fic-plus.000webhostapp.com/IMG/Matilda_Poster.jpg', 'https://fic-plus.000webhostapp.com/IMG/Matilda_Banner.jpg'),
(44, 'Leo (2023)', 'Leo (Sandler) es un lagarto de 74 años que lleva atrapado en el mismo aula de Florida durante décadas con su compañera de terrario, una tortuga (Bill Burr). Cuando se entera de que solo le queda un año de vida, Leo planea escapar para experimentar la vida en el exterior, pero entonces comienzan sus problemas.', 'Robert Smigel', 'https://fic-plus.000webhostapp.com/VID/avengers.mp4', 6, 1, 1, '2023-12-01', 'https://fic-plus.000webhostapp.com/IMG/Leo_Poster.jpg', 'https://fic-plus.000webhostapp.com/IMG/Leo_Banner.jpg'),
(45, 'Barbie (2023)', 'Barbie vive en Barbieland donde todo es ideal y lleno de música y color. Un buen día decide conocer el mundo real. Cuando el CEO de Mattel se entere, tratará de evitarlo a toda costa y devolver a Barbie a una caja.', 'Greta Gerwig', 'https://fic-plus.000webhostapp.com/VID/avengers.mp4', 6, 1, 1, '2023-12-01', 'https://fic-plus.000webhostapp.com/IMG/Barbie_Poster.jpg', 'https://fic-plus.000webhostapp.com/IMG/Barbie_Banner.jpg'),
(46, 'Cruella (2021)', 'Ambientada en el Londres de los años 70, en plena revolución del punk rock, muestra a una joven estafadora llamada Estella, una chica inteligente y creativa, decidida a convertirse en una exitosa diseñadora de moda, que se asocia con un par de ladrones para sobrevivir en las calles de la capital británica. Pero cuando su talento para la moda llama la atención de la legendaria diseñadora, la Baronesa von Hellman, Estella cambia el rumbo de su vida hasta que una serie de acontecimientos y revelaciones que harán que Estella asuma su lado malvado y se convierta en la estridente, moderna y vengativa Cruella de Vil.', 'Craig Gillespie', 'https://fic-plus.000webhostapp.com/VID/avengers.mp4', 6, 1, 1, '2023-12-01', 'https://fic-plus.000webhostapp.com/IMG/Cruella_Poster.jpg', 'https://fic-plus.000webhostapp.com/IMG/Cruella_Banner.jpg'),
(47, 'Proyecto X (2012)', 'Tres estudiantes de último curso de instituto, aparentemente anónimos, deciden montar una fiesta salvaje en casa de uno de ellos, promocionándola en las redes sociales como la fiesta más loca de la temporada. Además, los chicos deciden grabarla para luego colgarla en la red. Enseguida se corre la voz y todo se hace un desmadre...', 'Michael Bacall', 'https://fic-plus.000webhostapp.com/VID/avengers.mp4', 6, 1, 1, '2023-12-01', 'https://fic-plus.000webhostapp.com/IMG/ProyectoX_Poster.jpg', 'https://fic-plus.000webhostapp.com/IMG/ProyectoX_Banner.jpg'),
(48, 'Red (2022)', 'Mei Lee, una niña de 13 años un poco rara pero segura de sí misma, se debate entre ser la hija obediente que su madre quiere que sea y el caos propio de la adolescencia. Ming, su protectora y ligeramente exigente madre, no se separa nunca de ella lo que es una situación poco deseable para una adolescente. Y por si los cambios en su vida y en su cuerpo no fueran suficientes, cada vez que se emociona demasiado (lo que le ocurre prácticamente todo el tiempo), se convierte en un panda rojo gigante.', 'Domee Shi', 'https://fic-plus.000webhostapp.com/VID/avengers.mp4', 6, 1, 1, '2023-12-01', 'https://fic-plus.000webhostapp.com/IMG/Red_Poster.jpg', 'https://fic-plus.000webhostapp.com/IMG/Red_Banner.jpg'),
(49, 'Reptiles (2023)', 'Un intrépido detective descubre una compleja red de engaños mientras indaga en la verdad que se esconde tras el brutal asesinato de una joven agente inmobiliaria.', 'Grant Singer', 'https://p-def4.pcloud.com/cfZGL9vcEZYMvhU57ZdDK17ZZNNNiykZQ5ZZ4GRZZLgFa7Zj8ZT4ZXpZGVZ98ZxRZ4HZQ4ZIRZHpZxpZpRZuLZUpZbLfB1ny7NEpzcpgI1C6H5fcdOA9V/Reptiles.mp4', 7, 1, 1, '2023-12-01', 'https://fic-plus.000webhostapp.com/IMG/Reptiles_Poster.jpg', 'https://fic-plus.000webhostapp.com/IMG/Reptiles_Banner.jpg'),
(50, 'Aguas prohibidas (2023)', 'Cuando una misteriosa enfermedad desciende sobre las islas Andaman y Nicobar, una lucha desesperada por la supervivencia choca con una carrera para encontrar una cura.', 'Sameer Saxena', 'https://fic-plus.000webhostapp.com/VID/avengers.mp4', 7, 1, 1, '2023-12-01', 'https://fic-plus.000webhostapp.com/IMG/Aguas_Poster.jpg', 'https://fic-plus.000webhostapp.com/IMG/Aguas_Banner.jpg'),
(51, 'El truco final (El prestigio) (2006)', 'Robert Angier es un ilusionista respetado que se obsesiona con uno de los trucos de su rival Alfred Borden. Para conseguir el truco hará todo lo posible, sin saber hasta qué punto cambiará su vida...', 'Christopher Nolan', 'https://fic-plus.000webhostapp.com/VID/avengers.mp4', 7, 1, 1, '2023-12-01', 'https://fic-plus.000webhostapp.com/IMG/Truco_Poster.jpg', 'https://fic-plus.000webhostapp.com/IMG/Truco_Banner.jpg'),
(52, 'Piscina infinita (2023)', 'Mientras se hospedan en un resort aislado en una isla, James y Em disfrutan de unas vacaciones perfectas en playas vírgenes, un personal excepcional y tomando el sol. Pero guiados por la seductora y misteriosa Gabi, se aventuran fuera de los terrenos del resort y se encuentran en una cultura llena de violencia, hedonismo y horror indescriptible.', 'Brandon Cronenberg', 'https://fic-plus.000webhostapp.com/VID/avengers.mp4', 7, 1, 1, '2023-12-01', 'https://fic-plus.000webhostapp.com/IMG/Infinita_Poster.jpg', 'https://fic-plus.000webhostapp.com/IMG/Infinita_Banner.jpg'),
(53, 'El ilusionista (2006)', '\"El ilusionista\" de 2006. En la Viena de 1900, el misterioso Eisenheim cautiva al público con sus espectáculos de magia e ilusionismo. Sus poderes sobrenaturales llegan a los oídos del príncipe heredero Leopold, un hombre pragmático que acude a su espectáculo con incredulidad, acompañado de su prometida, la bella y sofisticada Sophie. Sospechando un fraude por parte de Eisenheim, el príncipe encarga al perspicaz inspector de policía Uhl que le vigile de cerca...', 'Neil Burger', 'https://fic-plus.000webhostapp.com/VID/avengers.mp4', 7, 1, 1, '2023-12-01', 'https://fic-plus.000webhostapp.com/IMG/Ilusionista_Poster.jpg', 'https://fic-plus.000webhostapp.com/IMG/Ilusionista_Banner.jpg'),
(54, 'Hugo (2008)', 'Lonely schoolgirl Desma is determined to win the school science competition and beat her arch-rival, Celestine. When Desma discovers an incredible creature, an insect-boy endowed with a pair of moth-wings, she thinks victory is hers. But can Desma ignore her attacks of conscience and condemn the vulnerable moth-boy to win a competition? Or will she forfeit her dreams of glory and suffer another humiliating loss to Celestine? An enchanting short film about human connection, ruthless ambition and entomology.', 'Nicholas Verso', 'https://fic-plus.000webhostapp.com/VID/avengers.mp4', 7, 1, 1, '2023-12-01', 'https://fic-plus.000webhostapp.com/IMG/Hugo_Poster.jpg', 'https://fic-plus.000webhostapp.com/IMG/Hugo_Banner.jpg'),
(55, 'Puro vicio (2014)', 'La historia está ambientada a finales de los años sesenta en Los Ángeles. Doc Sportello es un detective privado que hace mucho tiempo que no ve a su ex novia Shasta, hasta que un día ésta contrata sus servicios para resolver la desaparición de su nuevo amante. Sportello se verá entonces enredado en una serie de situaciones donde dejará atrás los escrúpulos y donde la resolución del misterio no será finalmente el objetivo principal.', 'Paul Thomas Anderson', 'https://fic-plus.000webhostapp.com/VID/avengers.mp4', 7, 1, 1, '2023-12-01', 'https://fic-plus.000webhostapp.com/IMG/Vicio_Poster.jpg', 'https://fic-plus.000webhostapp.com/IMG/Vicio_Banner.jpg'),
(56, 'El juego (2023)', 'Víctor (Nico Furtado) y Eva (Maggie Civantos) son una pareja que tras siete años de relación decide separarse el día que se decreta el estado de alarma. Debido al confinamiento, se ven obligados a seguir conviviendo y, para no volverse locos y hacer el encierro más llevadero, deciden jugar a un juego que tiene dos reglas: empezar de cero como si sus años juntos no hubieran existido y terminar la relación cuando acabe el encierro.', 'Paco Sepúlveda', 'https://fic-plus.000webhostapp.com/VID/avengers.mp4', 7, 1, 1, '2023-12-01', 'https://fic-plus.000webhostapp.com/IMG/Juego_Poster.jpg', 'https://fic-plus.000webhostapp.com/IMG/Juego_Banner.jpg'),
(57, 'Frozen: El reino del hielo (2013)', 'Cuando una profecía condena a un reino a un invierno eterno, Anna, una joven optimista se une a un temerario montañero llamado Kristoff y a su compinche el reno Sven. Juntos emprenden un viaje épico en busca de Elsa, hermana de Anna y Reina de las Nieves para poner fin al gélido hechizo.', 'Jennifer Lee', 'https://p-def4.pcloud.com/cfZxaCvcEZ140SU57ZdDK17ZZDaNiykZQ5ZZ4GRZZvAbWkZzQZYHZOHZRzZN4Zb8Zs8ZrHZRLZh8ZXLZ2pZ3RZ2kZ4YDbeCGCiPRrE0xAMsaLGhNiLsgy/Frozen.mp4', 8, 1, 1, '2023-12-01', 'https://fic-plus.000webhostapp.com/IMG/Frozen_Poster.jpg', 'https://fic-plus.000webhostapp.com/IMG/Frozen_Banner.jpg'),
(58, 'Elemental (2023)', 'En una ciudad donde los residentes del fuego, el agua, la tierra y el aire viven juntos, una joven apasionada y un chico que se deja llevar por la corriente descubrirán algo elemental: cuánto tienen en común.', 'Peter Sohn', 'https://fic-plus.000webhostapp.com/VID/avengers.mp4', 8, 1, 1, '2023-12-01', 'https://fic-plus.000webhostapp.com/IMG/Elementos_Poster.jpg', 'https://fic-plus.000webhostapp.com/IMG/Elementos_Banner.jpg'),
(59, 'Coco (2017)', 'Un joven aspirante a músico llamado Miguel se embarca en un viaje extraordinario a la mágica tierra de sus ancestros. Allí, el encantador embaucador Héctor se convierte en su inesperado amigo y le ayuda a descubrir los misterios detrás de las historias y tradiciones de su familia.', 'Lee Unkrich', 'https://fic-plus.000webhostapp.com/VID/avengers.mp4', 8, 1, 1, '2023-12-01', 'https://fic-plus.000webhostapp.com/IMG/Coco_Poster.jpg', 'https://fic-plus.000webhostapp.com/IMG/Coco_Banner.jpg'),
(60, 'Soul (2020)', '¿Alguna vez te has preguntado de dónde provienen tu pasión, tus sueños y tus intereses? ¿Qué es lo que te hace ser... tú? Viaja desde las calles de Nueva York a los reinos cósmicos para descubrir las respuestas a las preguntas más importantes de la vida.', 'Pete Docter', 'https://fic-plus.000webhostapp.com/VID/avengers.mp4', 8, 1, 1, '2023-12-01', 'https://fic-plus.000webhostapp.com/IMG/Soul_Poster.jpg', 'https://fic-plus.000webhostapp.com/IMG/Soul_Banner.jpg'),
(61, 'La sirenita (2023)', 'Ariel es una joven y soñadora sirena, hija del Rey Tritón, que está cansada de su vida como princesa bajo el mar. Su mayor deseo es abandonar el fondo marino y tener una vida normal y apacible en la superficie. La bruja Úrsula descubre su anhelo y, por eso, a cambio de su preciosa voz le ofrece un cuerpo totalmente humano. Ariel acepta, movida por su pasión por conocer el mundo terrestre y porque está enamorada de un apuesto príncipe humano. Pero las cosas no serán fáciles para Ariel, ya que la bruja Úrsula esconde oscuras intenciones.', 'Rob Marshall', 'https://fic-plus.000webhostapp.com/VID/avengers.mp4', 8, 1, 1, '2023-12-01', 'https://fic-plus.000webhostapp.com/IMG/Sirenita_Poster.jpg', 'https://fic-plus.000webhostapp.com/IMG/Sirenita_Banner.jpg'),
(62, 'Pinocho de Guillermo del Toro (2022)', 'Versión musical en animación stop motion del famoso cuento de \'Pinocho\', ambientada en la Italia fascista, durante la década de 1930.', 'Guillermo del Toro', 'https://fic-plus.000webhostapp.com/VID/avengers.mp4', 8, 1, 1, '2023-12-01', 'https://fic-plus.000webhostapp.com/IMG/Pinocho_Poster.jpg', 'https://fic-plus.000webhostapp.com/IMG/Pinocho_Banner.jpg'),
(63, 'Alicia en el País de las Maravillas (2010)', 'Alicia, una joven de 19 años, asiste a una fiesta en una mansión victoriana, donde descubre que está a punto de recibir una propuesta de matrimonio frente a un montón de gente estirada de la alta sociedad. Alicia entonces se escapa, corriendo tras un conejo blanco, entra a un agujero tras él... y acaba en el país de las Maravillas, un lugar que visitó hace 10 años, pero el cual no recuerda. El país de las Maravillas era un reino pacífico hasta que la Reina Roja derrocó a su hermana, la Reina Blanca. Las criaturas del país de las maravillas, listos para la revuelta, esperan que Alicia les ayude, y éstas a su vez le ayudarán a recordar su primera visita al mágico reino.', 'Tim Burton', 'https://fic-plus.000webhostapp.com/VID/avengers.mp4', 8, 1, 1, '2023-12-01', 'https://fic-plus.000webhostapp.com/IMG/Alicia_Poster.jpg', 'https://fic-plus.000webhostapp.com/IMG/Alicia_Banner.jpg'),
(64, 'Merlín el encantador (1963)', 'Encantador relato de dibujos animados para los más pequeños sobre la leyenda del rey Arturo (aquí siendo todavía joven), el mago Merlín y la espada Excalibur. Aventuras mil, magia y fantasía para otro gran éxito de la Disney.', 'Wolfgang Reitherman', 'https://fic-plus.000webhostapp.com/VID/avengers.mp4', 8, 1, 1, '2023-12-01', 'https://fic-plus.000webhostapp.com/IMG/Merlin_Poster.jpg', 'https://fic-plus.000webhostapp.com/IMG/Merlin_Banner.jpg'),
(65, 'Kizumonogatari - [1]: ~Tekketsu-hen~ (2016)', 'Kizumonogatari I: Tekketsu-hen Pelicula, araragi koyomi es una persona introvertida que no tiene amigos y busca vivir en soledad. Una noche, mientras camina por las calles vacías del pueblo donde vive se encuentra con una excentricidad de la que se habían escuchado rumores últimamente. se trata de una mujer hermosa, pero se encuentra en mal estado: le hacen falta sus cuatro extremidades y está a punto de morir, aunque Araragi quiere huir, no puede y termina ofreciendo su vida para salvar a la vampiro. Cuando despierta se da cuenta de que es un vampiro y de que debe ayudar a la mujer a regresar a su estado normal recuperando lo que le fue robado: sus extremidades a manos de tres temibles exorcistas. Araragi contará con la ayuda de Hanekawa Tsubasa y Oshino Meme en su monstruosa misión.', 'Tatsuya Oishi', 'https://p-def3.pcloud.com/cfZ4FfmXOZyj4Iv57ZdDK17ZZAiNiykZQ5ZZ4GRZZoUTOZTFZU4ZuzZr8ZJRZnHZ5pZPzZaFZHzZ0QZFHZ7zZF8Z7L5WHIbCLH51V0FeGO4t4S3tcjny/Kizu1.mp4', 9, 1, 1, '2023-12-01', 'https://fic-plus.000webhostapp.com/IMG/Kizu1_Poster.jpg', 'https://fic-plus.000webhostapp.com/IMG/Kizu1_Banner.jpg'),
(66, 'Kizumonogatari - [2]: ~Nekketsu-hen~ (2016)', 'Kizumonogatari II: Nekketsu-hen Pelicula, kizumonogatari es el tercer volumen de la serie de novelas monogatari de nisioisin, siendo una precuela de bakemonogatari. en ella se cuenta cómo koyomi conoce a la vampira que cambiará su vida para siempre.', 'Tatsuya Oishi', 'https://p-def2.pcloud.com/cBZY7qEcEZ0xTXU57ZZZvbTvykZQ5ZZM4RZkZlSjK8ZMLZTRZdRZq4Z08Z7FZv8Z9RZWzZTFZrHZwLZg4ZAzZXV570Z344xBvQ9rKmSw0e2cA02gz28A54y/KIZUMONOGATARI%20II.mp4', 9, 1, 1, '2023-12-01', 'https://fic-plus.000webhostapp.com/IMG/Kizu2_Poster.jpg', 'https://fic-plus.000webhostapp.com/IMG/Kizu2_Banner.jpg'),
(67, 'Kizumonogatari - [3]: ~Reiketsu-hen~ (2017)', 'Con la ayuda de Meme Oshino, el especialista en apariciones, Koyomi derrota a los tres poderosos cazadores de vampiros: Dramaturgia, Episodio y Guillotinecutter. Koyomi recupera todas las extremidades de Kiss-shot Acerola-orion Heart-under-blade para volver a ser humano.', 'Tatsuya Oishi', 'https://p-def6.pcloud.com/cBZ1haEcEZ70vXU57ZZZ1hTvykZQ5ZZM4RZkZYn1bxZs8ZBHZxHZYHZIRZYLZIFZQFZqFZyzZfzZMpZFLZrHZFV570ZGfilgPV2a5z9QIeK3rneekEeroTk/KIZUMONOGATARI%20III.mp4', 9, 1, 1, '2023-12-01', 'https://fic-plus.000webhostapp.com/IMG/Kizu3_Poster.jpg', 'https://fic-plus.000webhostapp.com/IMG/Kizu3_Banner.jpg'),
(68, 'Fate/stay night: Heaven\'s Feel - I. La flor del presagio (2017)', 'La Guerra del Santo Grial: una batalla violenta entre magos en la que siete amos y sus sirvientes convocados luchan por el Santo Grial, un artefacto mágico que puede otorgarle al vencedor cualquier deseo. Hace casi 10 años, la batalla final de la Cuarta Guerra del Santo Grial causó estragos en la ciudad de Fuyuki y se cobró más de 500 vidas, dejando la ciudad devastada. Shirou Emiya, un sobreviviente de esta tragedia, aspira a convertirse en un héroe de la justicia como su salvador y padre adoptivo, Kiritsugu Emiya. A pesar de ser solo un estudiante, Shirou es arrojado a la Quinta Guerra del Santo Grial cuando accidentalmente ve una batalla entre sirvientes en la escuela y convoca a su propio servidor, Saber. Cuando una sombra misteriosa comienza una juerga asesina en la ciudad de Fuyuki, Shirou se alinea con Rin Toosaka, un compañero participante en la Guerra del Santo Grial, para detener las muertes de innumerables personas', 'Tomonori Sudo', 'https://p-def5.pcloud.com/cBZE4pUcEZbN15U57ZZZOdTvykZQ5ZZM4RZkZ9PrbAZ1LZi4Z7RZiLZHzZTFZ48ZU8Z0QZE4ZjRZDRZS4ZRQZ7F570ZwLr0HqiRRTFBJvRqyYmdHybJfupX/FateStay%20flor.mp4', 9, 1, 1, '2023-12-01', 'https://fic-plus.000webhostapp.com/IMG/Fate1_Poster.jpg', 'https://fic-plus.000webhostapp.com/IMG/Fate1_Banner.jpg'),
(69, 'Fate/stay night: Heaven\'s Feel - II. Mariposa Perdida (2019)', 'A pesar de haber perdido la guerra y Saber, Shirou se ve incapaz de dejar de participar en la Guerra del Santo Grial. Cuando se revela que Sakura es una Maestra en la Guerra del Santo Grial, Shirou siempre está decidida a mantenerla a salvo. Cuando Sakura comienza a sucumbir a su misteriosa enfermedad, y la misteriosa sombra sigue matando gente, Shirou y Rin están decididos a terminar la Guerra del Santo Grial.', 'Tomonori Sudo', 'https://p-def7.pcloud.com/cBZR6XSIsZq7DJU57ZZZCNTvykZQ5ZZM4RZkZlycA6ZnLZXHZsFZZdzZB4Z6pZSLZvLZTzZn8Z34ZQ4ZuzZ6p570ZErTpQa01wPBQeT6R0nRQtmFkn957/fatebuterr.mp4', 9, 1, 1, '2023-12-01', 'https://fic-plus.000webhostapp.com/IMG/Fate2_Poster.jpg', 'https://fic-plus.000webhostapp.com/IMG/Fate2_Banner.jpg'),
(70, 'Fate/stay night: Heaven\'s Feel - III. Canción de Primavera (2020)', 'Cuando Sakura es poseída por la sombra, Shirou arriesga su propio cuerpo y mente para salvarla deteniendo el Santo Grial contaminado, enfrentándose a su ahora corrompido Servant Saber en el proceso. Aliados con el sacerdote rebelde Kirei Kotomine, su compañero competidor Illyasviel von Einzbern y el servant Rider desplazado de Sakura, Shirou y Rin entran en una carrera contrarreloj para rescatar a Sakura de la locura y poner fin a la Guerra del Santo Grial de una vez por todas, antes de que el Grial corrupto pueda provocar. El fin del mundo.', 'Tomonori Sudo', 'https://p-def7.pcloud.com/cBZpXqUcEZysCJU57ZZZa3TvykZQ5ZZM4RZkZM8AhaZLHZJFZ98ZV8Zb4ZJzZN8Zd4Z04Zy8ZgzZTLZlHZKLZzH570Z5oOXJOKb5uYGvXu3KUgg9VBAO8Iy/fateheavin3pel.mp4', 9, 1, 1, '2023-12-01', 'https://fic-plus.000webhostapp.com/IMG/Fate3_Poster.jpg', 'https://fic-plus.000webhostapp.com/IMG/Fate3_Banner.jpg'),
(71, 'Jujutsu Kaisen 0 (2021)', 'Yuta Okkotsu es un nervioso estudiante de instituto que sufre un grave problema: su amiga de la infancia Rika se ha convertido en una maldición y no le deja en paz. Como Rika no es una maldición cualquiera, su situación es percibida por Satoru Gojo, un profesor del instituto Jujutsu, una escuela donde los exorcistas noveles aprenden a combatir las maldiciones. Gojo convence a Yuta para que se matricule, pero ¿podrá aprender lo suficiente a tiempo para enfrentarse a la Maldición que le persigue?', 'Sunghoo Park', 'https://p-def5.pcloud.com/cBZ9G16cEZCPb7U57ZZZjtMvykZQ5ZZM4RZkZQUiPEZ48Zj8Z4RZ0LZ5LZkzZn8ZEFZzFZ9LZ3LZvpZWpZjFZEr070ZxXXqdH1CXcX8ifJ3M0eGUHROfzzk/JJT.mp4', 9, 1, 1, '2023-12-01', 'https://fic-plus.000webhostapp.com/IMG/Jujutsu_Poster.jpg', 'https://fic-plus.000webhostapp.com/IMG/Jujutsu_Banner.jpg'),
(72, 'Sword Art Online Progressive: Aria de una Noche sin Estrellas', 'La historia comienza un mes después del inicio del incidente de Sword Art Online. De las 10,000 personas atrapadas al principio, 2,000 ya han sucumbido y el primer jefe ni siquiera ha sido derrotado aún. Poco a poco, los jugadores pierden la esperanza, pero un grupo decide darlo todo e ir a desafiar al jefe en el primer piso. Es en esta ocasión Kirito y Asuna se encontrarán por primera vez.', 'Ayako Kono', 'https://p-def3.pcloud.com/cBZBjXAcEZECmHU57ZZZRjgvykZQ5ZZM4RZkZGjx3Y7ZiHZPLZU8ZzRZbFZEFZjLZqRZT4Z5QZbLZo4Zf4Zn4ZE8570Zas4LJARozDRJ6huHW37VRzf1UlXX/gekijoubanswordartonlinepell.mp4', 9, 1, 1, '2023-12-01', 'https://fic-plus.000webhostapp.com/IMG/Sao_Poster.jpg', 'https://fic-plus.000webhostapp.com/IMG/Sao_Banner.jpg'),
(73, 'The Seven Deadly Sins: Prisioneros del cielo (2018)', 'Los Siete Pecados Capitales viajan a una tierra remota en busca del ingrediente fantasma “Pez de Cielo”. Meliodas y Hawk terminan en Sky Palace que existe sobre las nubes, donde todos los residentes tienen alas. Meliodas es confundido con un chico que cometió un crimen y es arrojado a la cárcel. Mientras tanto, los residentes están preparando la de defensa contra una bestia feroz que se despierta una vez cada 3.000 años. Pero los Seis Caballeros de Negro, un ejército del Clan Demonio, llegan y quitan el sello a la bestia antes que los residentes de Sky Palace puedan prepararse.', 'Noriyuki Abe', 'https://fic-plus.000webhostapp.com/VID/avengers.mp4', 9, 1, 1, '2023-12-01', 'https://fic-plus.000webhostapp.com/IMG/7Pecados_Poster.jpg', 'https://fic-plus.000webhostapp.com/IMG/7Pecados_Banner.jpg'),
(74, 'No Game No Life: Zero (2017)', 'Es una precuela situada 6000 años antes de la historia de Sora y Shiro, en el mundo Disboard. En esta era de guerra, todas las razas estaban peleándose entre sí, propagando una muerte irracional a los humanos que no tienen el poder para luchar. Riku es el líder de la colonia humana que trata de sobrevivir día a día. Riku, termina conociendo a Shuvi una ex-Machina (raza androide), rechazada por su gente debido a su obsesión no calculada por comprender el corazón humano. Juntos, emprenden una aventura para salvar a la raza humana.\r\n\r\nEsta historia fue un hecho de hace más de seis mil años. El \"mito más antiguo\" que conduce al \"mito más nuevo\". Sin registro ni memoria. Ahora comienza una historia que no se puede contar a nadie', 'Atsuko Ishizuka', 'https://p-def7.pcloud.com/cBZ05QIcEZ8c6FU57ZZZoVgvykZQ5ZZM4RZkZSBloCZcRZ4QZpFZPLZE8Za4ZKHZjzZLzZ7HZc4ZOHZSpZy4Zrz570Z7ua9goYtPgLB1rsKXAqTrY987MjV/nogamenolifessdaspelisvs.mp4', 9, 1, 1, '2023-12-01', 'https://fic-plus.000webhostapp.com/IMG/NoGameNoLife0_Poster.jpg', 'https://fic-plus.000webhostapp.com/IMG/NoGameNoLife0_Banner.jpg');

-- --------------------------------------------------------

--
-- Estructura de tabla para la tabla `perfiles`
--

CREATE TABLE `perfiles` (
  `ID_Perfil` int(11) NOT NULL,
  `Nombre_Perfil` varchar(100) DEFAULT NULL,
  `Etiquetas` int(11) DEFAULT NULL,
  `ID_Clasificacion` int(11) DEFAULT NULL,
  `ID_Usuario` int(11) DEFAULT NULL
) ENGINE=InnoDB DEFAULT CHARSET=utf8mb4 COLLATE=utf8mb4_general_ci;

-- --------------------------------------------------------

--
-- Estructura de tabla para la tabla `usuario`
--

CREATE TABLE `usuario` (
  `ID_Usuario` int(11) NOT NULL,
  `Nombre_Usuario` varchar(100) DEFAULT NULL,
  `Apellido_Usuario` varchar(100) DEFAULT NULL,
  `Correo` varchar(100) DEFAULT NULL,
  `Contrasenia` varchar(100) DEFAULT NULL
) ENGINE=InnoDB DEFAULT CHARSET=utf8mb4 COLLATE=utf8mb4_general_ci;

--
-- Volcado de datos para la tabla `usuario`
--

INSERT INTO `usuario` (`ID_Usuario`, `Nombre_Usuario`, `Apellido_Usuario`, `Correo`, `Contrasenia`) VALUES
(1, 'Carlos', 'Iribe', 'a', '0cc175b9c0f1b6a831c399e269772661'),
(2, 'joel', 'andres', 'holas@gmail.com', 'e8c07404159446d3e0c415001666b463'),
(3, '13345667', '@$&()', 'joggffto@gmail.com', 'a7deba134438612c2ec8ead4969df2ba'),
(4, '', '', '', '0cc175b9c0f1b6a831c399e269772661'),
(5, 'Joel', 'Andrés', 'holahola@gmail.com', '25d55ad283aa400af464c76d713c07ad'),
(6, 'Joel', 'Andrés', 'holahola@gmail.com', 'd41d8cd98f00b204e9800998ecf8427e'),
(7, 'JOEL', 'CARRILLO', 'holahola@gmail.com', '25d55ad283aa400af464c76d713c07ad'),
(8, '', '', '', 'd41d8cd98f00b204e9800998ecf8427e');

--
-- Índices para tablas volcadas
--

--
-- Indices de la tabla `categorias`
--
ALTER TABLE `categorias`
  ADD PRIMARY KEY (`ID_Categorias`);

--
-- Indices de la tabla `peliculas`
--
ALTER TABLE `peliculas`
  ADD PRIMARY KEY (`ID_Peliculas`),
  ADD KEY `Peliculas_FK` (`ID_Categoria`);

--
-- Indices de la tabla `perfiles`
--
ALTER TABLE `perfiles`
  ADD PRIMARY KEY (`ID_Perfil`),
  ADD KEY `Perfiles_FK` (`ID_Usuario`);

--
-- Indices de la tabla `usuario`
--
ALTER TABLE `usuario`
  ADD PRIMARY KEY (`ID_Usuario`);

--
-- AUTO_INCREMENT de las tablas volcadas
--

--
-- AUTO_INCREMENT de la tabla `categorias`
--
ALTER TABLE `categorias`
  MODIFY `ID_Categorias` int(11) NOT NULL AUTO_INCREMENT, AUTO_INCREMENT=10;

--
-- AUTO_INCREMENT de la tabla `peliculas`
--
ALTER TABLE `peliculas`
  MODIFY `ID_Peliculas` int(11) NOT NULL AUTO_INCREMENT, AUTO_INCREMENT=75;

--
-- AUTO_INCREMENT de la tabla `perfiles`
--
ALTER TABLE `perfiles`
  MODIFY `ID_Perfil` int(11) NOT NULL AUTO_INCREMENT;

--
-- AUTO_INCREMENT de la tabla `usuario`
--
ALTER TABLE `usuario`
  MODIFY `ID_Usuario` int(11) NOT NULL AUTO_INCREMENT, AUTO_INCREMENT=9;

--
-- Restricciones para tablas volcadas
--

--
-- Filtros para la tabla `peliculas`
--
ALTER TABLE `peliculas`
  ADD CONSTRAINT `Peliculas_FK` FOREIGN KEY (`ID_Categoria`) REFERENCES `categorias` (`ID_Categorias`);

--
-- Filtros para la tabla `perfiles`
--
ALTER TABLE `perfiles`
  ADD CONSTRAINT `Perfiles_FK_1` FOREIGN KEY (`ID_Clasificacion`) REFERENCES `clasificacion` (`ID_Clasificacion`);
COMMIT;

/*!40101 SET CHARACTER_SET_CLIENT=@OLD_CHARACTER_SET_CLIENT */;
/*!40101 SET CHARACTER_SET_RESULTS=@OLD_CHARACTER_SET_RESULTS */;
/*!40101 SET COLLATION_CONNECTION=@OLD_COLLATION_CONNECTION */;
